id,gender,age,education,work_experience,H_self,E_self,A_self,C_self,g_level
60fccc84440f8e8c82ca0288,2,21.0,2,0.0,4.375,3.3125,3.875,4.0625,3
639881e5774909b88ee9389a,1,51.7,3,34.4,4.0625,2.3125,3.9375,4.625,1
60e1d5f866e681d7e33fd01c,3,39.8,3,26.5,4.375,3.375,3.5625,4.375,2
62ceba5fdab49dfc90278cbb,2,23.4,3,5.2,2.625,4.0,2.1875,4.25,1
6134113b9f3f724a7cf9e390,2,28.0,4,12.1,3.625,3.4375,2.875,3.25,1
61531a9bd8acf4e88e083892,1,45.5,3,23.2,3.8125,2.9375,4.5625,4.875,1
6373aee9c736637f71011482,2,18.0,2,3.9,2.75,4.1875,1.8125,4.0,2
60d64ec5cf4d757686ac4f14,1,20.0,3,1.0,3.0,3.125,3.3125,2.9375,3
6296ecaf7ea72c4951583ffd,1,38.0,5,15.0,3.375,3.9375,3.75,4.625,2
5e1d0bdfdc1a170a132a6980,2,34.0,4,8.1,3.875,3.875,2.5625,3.625,3
5ba3de31fcf3440001cd4bc1,2,38.0,4,10.7,3.4375,3.25,3.3125,3.625,2
59c664453306be000195bb0c,2,56.3,5,30.3,3.75,2.8125,3.375,4.25,3
62c8d159937c939dd4d139e3,1,30.1,2,14.6,3.625,2.5625,3.875,4.5625,1
605776c7ffd8cb64476fc73f,2,40.6,4,17.7,3.5,3.0,3.5,3.6875,2
638d3556e70c7bf15705e35b,1,67.0,4,37.0,3.75,3.5,3.5,4.0625,1
60e9031f16bbe7da0089ea25,1,22.5,3,4.2,4.75,2.9375,3.375,3.6875,2
6330aa1c7f5f79e3707b7ea6,1,29.6,4,7.0,4.125,2.5625,4.0625,4.1875,3
6100bb2660955ead768c8fcf,2,40.5,6,14.0,2.6875,3.375,3.5,2.9375,3
6380063ad4c58f5102c681c4,1,38.2,4,20.1,3.5625,3.1875,3.375,4.25,3
60faefcf667e07570bed9dcb,1,56.9,3,17.5,4.3125,4.0,3.0625,3.5625,3
63aa3d6570a0b89cc71bc7d8,2,51.4,2,35.1,3.5625,3.3125,3.75,3.4375,1
60b63b1f1d8a6fc4d72d5328,2,56.0,2,36.2,4.625,2.8125,4.375,4.3125,1
6104b2ecc49663d91f01bfae,2,25.2,4,4.0,4.5625,3.875,2.9375,1.6875,2
5d577affb125380001b5575d,2,27.0,4,8.0,2.5625,2.9375,2.125,3.375,1
63b73bd5a6179e2e7297d96e,3,19.8,3,6.0,4.875,3.5,2.5,3.6875,2
6398af4f26e303972b2d4eab,2,59.9,2,33.5,4.1875,3.5625,2.375,3.75,3
62d06d1b651d6922f62fab9b,1,27.7,4,7.0,4.0,2.6875,3.5625,4.5625,1
62d5c169b25535bc60fd5248,2,55.8,5,35.0,3.0,3.5625,2.6875,4.625,2
59d6b8f103203500011ace12,2,58.8,5,31.2,4.375,4.25,4.4375,5.0,3
628510a698e9e63b21ef9139,1,30.8,5,9.3,3.875,2.8125,3.5625,3.9375,3
61283769a39dd638c256540c,1,46.9,3,26.7,2.4375,2.75,1.9375,2.5625,2
5d59b01348766d0016949e6a,2,40.2,4,16.9,3.75,3.3125,3.5625,4.0,2
632bf6af55bff8f5431bc09a,1,24.9,5,0.0,1.9375,3.625,1.4375,3.9375,1
61232cdd072f4f13a41c2302,2,23.8,3,6.0,4.375,3.0,3.8125,3.375,2
60fd0c7f3feef315172385cf,2,37.1,5,21.1,2.875,3.625,2.875,4.0625,1
62a1e0fa590f6a0427492e41,1,44.5,4,21.3,3.9375,2.8125,3.4375,3.75,3
59ca6d5b46f72100019069c0,1,55.8,5,33.9,2.875,2.125,1.875,4.0625,3
60ff7e913a2ea98fff1d0cf3,2,20.0,2,4.0,3.5625,3.125,2.5,4.0,3
614c0e6fc69699a7da9b770e,2,24.0,3,6.8,4.3125,2.6875,3.875,4.6875,2
62c71e41af2bc57590b548e8,1,41.9,3,23.1,3.625,2.25,4.0625,3.9375,1
5ec44da606cb7931f04a35e9,1,57.0,3,36.0,3.0,3.0625,3.9375,4.625,3
5b2489070ec82d0001d1dbb2,2,44.0,5,17.3,4.6875,3.5,2.75,4.5,3
622a193e32f45a5c28d4875f,1,59.5,4,36.3,3.875,3.3125,3.1875,3.6875,2
5b6c72f29dc5550001f8a514,1,37.0,4,22.0,3.5625,2.75,3.125,4.0,3
5fb1a1a3a8e4226b1354fd7f,2,20.0,3,2.0,3.75,4.1875,3.5,3.375,1
628fcdd94ad6099e34e72647,1,45.0,4,20.8,3.25,4.125,3.3125,4.25,1
5bd49bcc25db7b0001794063,3,33.6,4,7.2,4.125,4.5,2.5625,3.375,1
62c61d523167ae5eafc98e6c,1,29.8,5,13.0,3.3125,3.625,3.4375,3.3125,3
62e1bc1f7bc99745a170ce2e,1,35.8,3,17.0,4.875,3.4375,4.3125,4.25,1
5c580c3dd3cc6b0001d9ffbf,2,43.8,3,15.8,3.25,2.5,3.75,3.875,3
612e44861dc0709ab9f444ba,1,31.6,3,12.8,3.9375,3.3125,3.5,4.4375,1
6389301d2575b8e4c1e7cc5c,2,63.0,4,20.0,4.0625,3.25,3.3125,3.6875,1
6272c50e0f591ac1dc8c2e02,2,44.1,4,8.5,3.75,4.4375,3.625,4.6875,2
5c35293501f27e0001094ba5,2,42.0,4,26.2,4.0,2.5,3.1875,3.9375,2
5a443812817d1800018d1179,2,34.8,2,10.0,3.375,3.5,3.125,3.4375,1
5f315908aea34d0ca5c4e8d3,2,49.0,4,36.0,4.5,3.6875,2.75,3.25,2
60ef2700e476748689a999f7,2,31.1,3,13.2,4.0625,3.9375,4.1875,3.5625,3
5e97af0bca82b6278c859323,2,27.9,3,2.3,3.8125,3.9375,3.6875,3.625,3
5e5dcce0e58b6a0f18009f84,2,28.0,4,6.0,3.125,3.6875,3.125,3.5625,1
5e8f53644b34ff22d9b3a1c5,1,40.0,2,7.0,3.4375,4.4375,3.0625,2.75,1
5d4bed118cbe900016c1f6d0,1,31.0,3,9.0,2.3125,3.25,3.75,4.8125,2
62fba37f3560a85b4eb94aac,1,45.3,3,28.6,3.875,3.3125,4.3125,4.6875,2
5f7a0bc4853bd46503a27113,3,25.0,5,3.5,3.875,3.5625,3.125,3.625,2
5c54bf7d77f9e700015ef638,2,45.0,5,25.0,4.0625,3.1875,2.9375,4.5,3
5d90298097a2130015f3fa3c,1,32.0,2,12.5,3.125,4.25,3.125,3.4375,1
5cb489ff0cd1ed0017465d19,1,33.4,2,16.2,4.1875,2.9375,3.0,4.1875,2
60b4a8a01d08a9bfb5f1e408,3,25.1,3,8.9,1.5625,1.875,3.75,2.8125,1
611118b967515e93dcf141f1,1,21.0,3,5.1,3.5625,3.5625,4.75,3.875,2
6314686dea012501d8934177,1,33.0,5,10.0,3.625,3.3125,2.125,4.3125,3
62728c148af5805feea46dc8,2,40.0,2,21.0,3.5625,4.0,2.5625,3.5,2
6234e1b277e7fe207a9ad500,1,52.0,2,25.3,3.875,2.9375,3.3125,3.875,3
60eb70ffed340b865e2849d1,1,50.0,5,31.0,4.375,3.125,3.6875,4.375,2
5be76781f6d13b0001cf5257,1,32.7,3,16.0,4.3125,2.1875,4.875,5.0,3
60379dc17dc2aa000830366e,1,30.4,2,13.7,3.5625,2.6875,3.1875,3.5,1
62ec3d6c5a882ff93a4af5b3,1,26.1,4,7.2,2.8125,3.375,2.5625,3.5,2
6100b4e5864c376c3f4d8f5a,2,22.7,4,7.0,3.0625,3.75,3.125,2.5625,2
61082b4346fa6b2ad1f6a8d8,3,25.1,5,6.0,3.4375,3.6875,3.0625,3.6875,3
632e9aa62793c18a857aece4,1,40.9,3,25.4,4.625,2.5,3.9375,4.0625,1
6320a1395b4e05325c746101,1,22.0,2,7.5,2.6875,3.125,3.3125,3.4375,1
612e9fb57400639a88cfae33,2,27.4,4,5.5,3.625,4.125,3.1875,3.25,2
5fe112243ce806b5704eca6e,3,42.5,2,11.0,4.5625,2.875,3.625,4.75,1
61031cd5bd9b63f1cc2edd7e,2,22.0,4,6.0,2.75,4.125,1.9375,3.4375,3
6238dfab577ecd4adb97a917,1,50.0,4,27.7,3.625,2.9375,3.875,4.875,1
63614edb8ec467e6999ff831,1,32.0,6,1.4,4.6875,3.1875,3.0625,4.0625,3
60a2fae17fe95f27ca52e424,2,21.0,3,5.2,3.5,3.6875,3.0625,4.125,1
63614b8fe4d56b9d300a5f53,1,31.5,3,10.2,3.9375,2.3125,3.8125,4.0,3
5eb0745480b12a11c526ffc8,2,32.1,4,16.6,3.125,3.75,3.0625,4.25,2
62b20c0065e9809e66d13fa5,1,24.2,2,7.0,2.875,2.875,3.125,3.875,1
62c396eed1893e06fdad4574,1,27.0,4,9.0,2.4375,3.1875,3.0,3.3125,3
6304d96fa9bd6e269ae89297,2,43.0,4,21.1,2.8125,4.1875,1.6875,4.0,3
61372727e083e6cd1c827f81,3,40.0,4,22.0,3.5,4.3125,1.9375,4.6875,1
5f5452df72345118f58d187b,1,54.0,3,45.0,4.0,2.75,3.875,4.375,2
629534afc0924e49e1464589,1,36.0,5,12.0,3.25,2.8125,2.875,3.6875,3
5c5c3c5a676a2800013eba45,1,34.9,3,17.5,3.5,2.1875,3.1875,3.75,2
63bf3247bf3b5ebd734157ee,2,62.2,3,48.0,3.8125,4.1875,3.3125,3.8125,3
6125c324391974c4c912ba10,1,33.4,3,16.0,3.5,2.875,4.0,2.9375,2
5f5171f781da7d3c0aa7024b,1,21.4,3,1.0,4.125,2.75,3.25,4.375,2
612547f89bad5437aaecfa66,1,30.1,4,12.0,3.875,2.625,3.3125,4.4375,2
62dcb56ed694f64640b46ecd,1,20.5,3,2.5,4.1875,3.4375,3.875,4.6875,2
631f3abc8826b6e7e8982648,2,35.6,4,20.4,1.875,4.5,1.6875,4.75,3
60306cf6330619ee41fa3cd2,1,31.0,4,8.0,3.875,3.75,4.0,3.875,3
5b0d1b8e444cef0001ca66ac,2,58.0,3,21.2,3.4375,3.5,2.5,3.9375,3
612682ec747ac2d5df40f7df,1,22.0,3,5.0,3.9375,2.625,3.3125,4.1875,1
6266c2af9e12be23dff07d28,2,52.0,5,37.0,3.3125,2.625,3.625,3.8125,1
62349b2406ea604d296bd69d,2,32.8,3,18.1,4.0625,4.0,2.5,4.1875,3
62ceb98594c924be25e1db41,2,31.0,3,12.6,3.5,3.125,2.8125,3.75,3
632349c7a311d9aa8d2f9a9b,1,44.0,4,30.0,3.875,3.0625,3.5625,3.625,1
5bdf5d0d14b3cd00019d99a3,2,24.0,3,2.0,3.25,4.125,2.625,3.875,1
5ff003139cc6b3eb2fd102f2,2,24.0,3,5.0,3.25,3.75,2.3125,2.75,1
63b7723d656a1c5739386185,1,18.0,3,2.0,3.9375,3.75,2.4375,3.75,3
6135d372d149620fce4fba60,1,25.5,3,9.8,2.5625,3.6875,2.75,4.6875,1
5a03d20a7ecfc50001be0a7a,2,37.8,7,13.3,4.125,3.4375,3.0,4.0625,2
5dae16d241fbb6001160ce72,1,39.0,5,15.1,2.0,3.25,2.8125,4.125,2
55b74f71fdf99b6e0c49975b,1,45.0,4,25.1,3.0,3.375,3.1875,3.75,1
5debce5335575a2bed69acc6,1,57.1,3,40.6,4.0,2.8125,3.25,3.5625,1
623519c893eaebfcb0046e26,2,38.4,4,18.1,3.5625,2.4375,3.5,4.3125,3
62728d9afbb36631896f3bcb,1,41.0,4,22.0,2.8125,3.125,2.1875,3.5625,2
60de50896b0ce86b84a2ee24,2,45.7,2,26.0,3.875,4.25,3.0,3.75,3
615880a66bc32302998866d9,2,55.7,6,23.5,3.375,3.5,3.0625,3.875,3
631bf371cafbcf75cee93374,1,24.0,3,6.0,3.1875,3.0,3.6875,3.8125,1
5f9e394bfc6fc63e6317cf9f,3,21.6,3,5.6,4.0625,4.125,2.8125,3.8125,3
61514f5537097bf8052a71d0,1,25.1,4,5.2,3.625,3.0,3.375,2.9375,3
60d905d968d5d28e18ee58a1,2,33.0,2,15.0,3.5,3.5,2.8125,3.625,1
5e90a1eaad04060882d17a3d,1,28.0,6,3.6,3.125,3.5,3.8125,2.6875,2
60ff5715ebf2da91a8472115,3,27.0,4,7.0,2.8125,3.75,2.875,3.375,2
5dee44454d7bea4e3f4b44a6,2,35.0,4,14.9,4.125,3.375,4.25,4.25,2
614f2378929f8d4e2447ec6c,3,41.0,4,25.0,4.0,3.0625,3.375,4.0625,3
5cce4682f2ba8e00017f3de2,2,42.4,3,21.1,3.0,3.375,3.125,4.25,1
6110aee2ce95d0cb5f8d4d9c,2,32.0,5,16.1,3.3125,3.75,2.25,4.375,3
5c8db07eb1f89a0016777fe0,2,34.9,2,10.0,4.6875,4.0,4.0625,4.375,1
5c79bc94d454af00160e2eee,2,31.0,5,12.2,2.5625,4.625,1.75,4.3125,3
6335d094ca5827c5d63b143f,1,40.8,5,23.0,4.0625,2.75,3.3125,4.125,2
63b6be5e93fb553e9f17f8a6,1,31.6,2,13.0,3.1875,3.5625,3.0,3.9375,3
56588a127d69570012dfe00a,1,36.1,4,17.4,2.875,2.9375,3.25,3.25,1
637ea165e071484955b325f7,1,57.0,4,30.2,3.5625,3.4375,3.1875,3.3125,1
5fdd32c1a53c573e2fe8ed16,2,24.0,4,2.0,2.5625,3.75,3.125,3.375,3
5d74001d391b6600175f433b,2,34.0,4,20.0,3.625,2.0625,3.125,4.125,3
5a9416ba6475f900019fa690,1,28.0,3,10.0,2.5,3.875,2.3125,3.875,2
58509fbda6946500016117ed,1,35.0,3,16.0,3.9375,3.6875,3.75,4.5625,2
61206e8d3e6a6ccdd064637c,1,61.1,3,38.9,3.1875,3.9375,2.9375,4.4375,1
57658ec09dcd970001dbdbd5,1,34.0,4,8.0,3.0,2.8125,3.1875,3.25,2
632bf0c833cf500d10aeb279,1,22.0,3,3.5,3.0625,3.5625,2.0,4.125,3
6108b3ff82db698c577e6165,3,21.4,3,4.0,4.25,3.8125,3.6875,4.0,3
5bb9230a8869b10001012321,3,28.6,3,3.0,4.3125,4.25,4.5,3.4375,1
623a3d1b72cde1824ccbc6d1,2,31.2,6,5.0,3.875,4.0625,2.0625,3.5,3
63bc87f783afb5aed2c937d2,1,25.1,3,8.1,3.125,3.625,3.375,4.1875,1
6053a8d54ee4c8d353177990,1,52.0,4,23.0,3.625,3.0625,3.0,4.1875,3
60318abd5f6c24103dd02a1f,1,28.9,4,8.0,2.375,3.5625,2.1875,4.75,3
6294c3853d7d999b10bd034e,2,20.0,3,2.2,2.75,3.8125,2.6875,3.5625,1
5977e3867412f8000194e1fe,1,43.0,6,18.6,2.5625,3.25,3.0,3.125,3
5dd14dd31e70da1d0ee5bab8,2,53.8,5,21.1,4.4375,3.625,3.625,4.125,3
607f7f18d84d010ea2cd8664,2,23.4,2,9.5,4.125,4.25,2.9375,4.875,2
5d49a0b751695e0001a188a8,2,58.0,4,15.1,3.6875,3.375,4.5,4.875,1
6310ceffa120ca2c1fbe1d92,2,43.5,3,25.3,3.9375,3.25,3.125,3.8125,2
61511b7499620085c08c171d,2,40.0,5,15.0,3.4375,3.4375,2.9375,3.5,2
615327ab3d238b032366a545,2,32.1,4,13.8,4.875,3.625,2.9375,4.375,3
6111216b74cfd482d05ac02b,2,20.9,3,3.5,3.6875,3.8125,2.6875,4.1875,2
63615a0d78c37e20f0739bd6,1,39.0,4,15.0,3.8125,2.875,3.125,3.9375,2
62a74daa695f792361470dd1,1,29.0,4,10.1,3.0,2.6875,3.0,3.8125,3
60f4e3ab507bbb123f866e88,2,24.1,4,4.1,3.1875,3.625,3.5,3.9375,1
5f1e363c0add987ddec0faa8,2,23.4,3,4.3,2.8125,3.6875,2.875,3.5625,2
62a89318448a8592fc88ee03,1,40.4,5,18.6,4.25,3.25,3.6875,4.0625,1
634696400ff1ac25ed01ad11,2,42.8,3,18.3,3.0,3.8125,2.4375,3.625,2
6164d593d3783a588b11017b,2,25.1,2,5.8,3.5,2.9375,3.0625,3.625,1
610759f2e41f422b6dad0d6e,2,25.8,4,3.3,3.375,3.75,3.0625,3.3125,2
5bdcd88176d6d50001bc3849,1,57.6,4,25.0,4.375,1.75,3.5625,4.0,3
5fec2d32d4f1e489c08795e6,2,36.1,3,13.1,4.375,2.875,2.6875,4.0,3
603862f99e00971c55fe0874,3,32.0,3,14.8,4.5,2.4375,3.875,3.8125,3
633e64efca51d0be6c6f52a1,1,31.0,4,8.0,4.8125,2.5,3.3125,3.625,3
60031a7fcb3b2238616558a1,2,38.1,3,19.0,4.0,4.25,4.6875,4.9375,3
5fdee4d96a36576ca62e4518,1,46.9,4,27.5,3.25,3.375,3.9375,3.1875,2
601b28841ca7bb2f8edaa293,1,31.6,3,14.0,2.6875,3.4375,3.3125,3.875,2
5e7027c5a2522d000bddb8f3,1,30.6,4,11.2,3.3125,2.75,3.3125,3.25,1
5fba8ed9c7bb9a72a8c0ed8c,2,59.3,4,34.8,4.0625,2.9375,3.0625,3.9375,2
5513256cfdf99b1607b1f47b,1,31.8,5,12.3,3.25,2.9375,3.5625,3.8125,2
5d01c7858a840b00175c2123,1,23.0,3,2.0,3.125,4.125,2.375,3.625,1
572036a1fd3a5200093c126b,2,45.0,4,21.9,3.25,2.0625,2.625,4.125,3
58adfc6e7cf56d0001f931a2,1,25.6,3,0.0,3.625,3.0,3.5,2.75,2
5a8ac2d8f49c9a0001f3ab34,2,36.0,3,19.1,3.0625,3.4375,4.0,3.9375,1
6111b0add6d9e4db1ee4b1f5,2,22.0,4,4.5,3.875,3.6875,3.1875,4.1875,3
60885e3577b7ef42c2c73aa9,1,38.6,5,15.2,3.0,3.1875,3.1875,3.9375,3
5f8f54c1450c2d1b5984c34f,2,25.2,4,9.0,4.3125,3.5,4.0,3.875,3
549b8ef4fdf99b4ffa5fa0c9,2,47.0,3,30.4,4.3125,2.5625,3.6875,4.0625,2
5f52c941fc18905c7e8f78fd,1,44.0,5,22.4,2.6875,1.75,3.625,2.875,2
6111308dc631d4011ef43a73,2,23.6,4,1.7,2.875,4.625,4.125,4.5625,2
5f5ea24540d99b76cb6af503,2,23.5,4,2.3,4.1875,3.0,4.4375,4.4375,3
5fc1c035ac92312b4c2e6bab,2,30.1,3,4.2,3.0625,2.375,3.0,4.8125,3
6282e2e2479eff12a562838c,2,50.4,4,33.0,3.25,2.3125,3.75,4.0625,3
637ae6da2c8a92b511c1e8c1,2,55.5,4,30.4,4.6875,3.5625,3.625,3.625,1
63936bad01efa1e55f6e149d,2,57.6,4,33.0,3.3125,3.75,2.4375,3.4375,2
62f79ff5175d45db6dad1c5b,1,44.0,2,25.3,3.6875,3.4375,2.5,3.25,3
5f8c8f0720fed940a6472d4a,2,26.0,4,2.5,2.5,2.6875,3.0625,4.875,3
5b95ff3a21e7200001f5a795,2,38.7,3,6.4,4.5625,3.0625,3.75,2.8125,3
5bc5fe53a7b320000113c150,1,23.8,2,7.7,3.0625,3.6875,3.875,3.75,3
5d7e7207461e51001c5c236c,1,24.0,4,1.0,3.125,3.3125,2.875,3.0625,1
5f92002ccc33eb0ff3d749c5,2,64.6,4,28.6,4.125,3.0625,3.1875,4.0625,2
61523ad1ae3acee5b3f7287b,2,39.0,5,15.5,4.0,3.375,3.4375,3.6875,3
62f708e4d875cdc4a05333c5,1,43.6,3,22.4,4.6875,3.0,3.75,4.375,2
6111234ac8cfa49e38acbfb4,2,23.0,4,7.0,4.0625,4.1875,2.9375,4.9375,3
6116f5e262766b3c715ab4f8,2,21.8,2,4.4,3.9375,4.0,3.9375,4.25,1
62da0d692b89efcaba51846d,1,30.7,3,6.6,3.375,2.9375,3.125,3.9375,3
60c433a4f78e97b5ef1ce71b,2,46.8,4,26.0,4.125,3.0,3.5,4.3125,3
6288c55999c075200b4bfc41,2,28.0,6,5.0,3.5,3.6875,3.6875,3.8125,2
63bc72e1171fb0c2103c571f,1,27.9,3,9.0,3.875,2.6875,3.0625,4.0625,2
63782709326973c77adc3db8,2,65.1,4,50.6,4.25,2.9375,3.5625,3.5,3
633b82ab54af035c569082fb,1,21.9,4,0.0,2.6875,3.25,2.9375,3.0625,2
629e241d171ec6698e05f149,1,27.0,2,8.1,4.25,2.0,3.25,3.6875,1
62d5788341a681924672a1ca,1,35.3,4,16.2,3.5,3.1875,3.4375,3.4375,3
5f4f070d58f7aa1540f27f0e,2,62.1,5,25.9,3.8125,3.0,3.875,4.5625,2
63a4af8f8b8722876fa88952,1,61.0,3,40.5,3.625,2.3125,3.0,3.6875,2
634e1076f43266192b130e13,2,37.0,4,14.0,1.8125,4.4375,1.6875,3.125,1
5fa0a2400f2ecd114f39f738,1,33.0,4,15.2,3.875,3.375,2.625,3.125,1
60fcd954f5ff1656599b53c9,1,37.0,3,15.0,3.75,3.75,3.5,4.5,1
5d5dcbce56779f001a62245e,1,41.1,5,11.0,2.9375,3.4375,3.5625,4.3125,2
60144cac1e8f203e861fc5f6,1,30.2,5,7.0,2.6875,3.25,2.75,4.0625,2
63acc88bf5fff841db211031,2,48.9,3,32.3,4.0,3.0,2.9375,3.875,3
6105619fd55674bb2c2f0f74,2,25.6,2,6.6,2.625,3.4375,3.125,3.25,1
5efb31fa8cd32f04bf048643,2,36.5,3,17.3,4.9375,4.25,2.4375,3.5625,3
5a8d8079190420000156435d,1,38.1,4,16.0,3.75,2.5,3.375,4.6875,3
610cd0b96470d70ab18955fa,2,22.0,2,1.0,4.6875,4.0625,4.125,3.9375,3
62b0ff84054c6ca32f481c65,2,44.0,2,22.0,4.9375,2.0,4.0,4.1875,1
63926f15456eea88b2469f91,1,36.8,1,21.1,3.1875,2.75,3.375,3.6875,1
60d88604c5043e278f740608,1,46.2,4,25.0,4.0,2.5625,2.3125,4.3125,3
5fe3b66ad42dc508212bb4bd,1,22.5,3,3.0,2.6875,2.8125,3.083333333,3.1875,1
62bd1d1283b326cde10cf27a,1,60.7,5,38.8,4.1875,2.3125,3.8125,4.25,3
628dec55823f672331c68577,1,23.8,3,7.0,4.3125,2.75,4.4375,4.3125,3
63b6e6ab530c4fe8e28adbe6,2,21.8,3,6.0,2.5,4.375,1.9375,3.0,2
6109ced9183e69e8ba12c15f,2,19.0,3,3.0,3.875,3.75,3.6875,4.0,2
6004fb013a8d786ca7d9afc3,2,34.6,5,13.1,3.125,4.5625,1.875,3.0625,1
615b39c56d4a42f215089b8a,1,30.1,4,8.8,4.5,1.875,4.0,4.25,2
6344590912e9b0ebb41d518c,1,56.0,4,37.4,3.5,3.0,3.375,3.75,2
60d2988d4612ecd49bc76539,2,25.9,4,3.5,3.4375,4.5625,3.0,3.0625,3
63b6c0f765c8dd35c3e6c36a,1,21.0,3,2.0,3.4375,3.0625,3.25,4.1875,3
5a57cb50acc75b00017a2b01,2,38.1,5,14.8,3.625,3.75,3.375,3.9375,3
616604bed27acb2f4e2841a9,1,24.4,3,7.4,2.875,3.9375,2.125,3.875,2
634865f77fe29563ec6f621c,1,30.1,5,8.0,3.75,2.6875,3.75,4.0625,2
5a348ea750833c0001ee9550,2,35.0,4,17.9,3.0,3.6875,3.125,3.9375,2
62926f5a375553f13d68bc92,1,59.7,4,37.5,3.3125,2.5,4.0,4.25,2
6272ab12b3d9c61d2271db8d,1,40.0,3,15.0,2.9375,4.125,3.0625,2.1875,2
57e7bb4e73e67300012b8e2a,2,54.0,3,30.0,3.875,3.583333333,3.25,3.5625,3
63bbc8ba5520732c211a6ae8,2,48.0,3,24.0,4.6875,2.6875,3.875,4.1875,2
5f99a9a8a1558603b27e39e5,1,57.0,3,39.0,5.0,2.3125,4.375,4.5625,2
5fed41e3e14422f5e308c6e5,1,44.5,5,25.0,3.8125,4.0,2.5,4.0,3
5f5155aba90f9b3760f2f4bc,1,40.2,5,18.0,3.5625,3.3125,3.4375,3.0625,3
5f4b01e7e534bc10f5b6388d,3,24.9,3,6.0,4.1875,2.6875,4.0625,4.375,3
59aba109d4ef6600011211c9,2,49.1,3,23.9,2.9375,3.75,3.0625,3.8125,1
62ffd71667a933f2d8bb4ab0,1,23.0,4,4.0,2.9375,2.4375,2.875,4.25,3
639aa4b8f52bdf60b603c9b1,2,65.7,4,21.2,4.4375,2.3125,3.1875,3.625,3
6101caab1315f0a3159be863,2,28.7,4,7.0,3.9375,3.875,3.0625,2.8125,2
60d7416aaa24206365b46806,2,22.0,4,6.4,3.9375,3.9375,1.8125,3.8125,2
62ac7d0d794fad54e6cf7d84,1,31.9,3,8.0,4.1875,4.4375,2.6875,3.0625,2
62f0f422c25e8ccbcb742154,1,47.0,2,29.7,4.875,2.8125,3.0625,4.9375,1
631fc3e54c3c0515402fdd17,1,18.5,1,0.0,3.75,3.375,3.5,3.75,3
5733464fbc6923000fcd2de1,2,52.2,5,32.7,4.0625,1.5625,3.875,4.0,3
62976e7114308ee7c69d10ae,1,40.2,6,15.4,3.625,2.0,3.125,4.0,3
5fb96b9798cd084465b0bf36,1,52.3,3,34.3,3.8125,1.5625,2.75,3.9375,1
616f0b4cde85d60d1d2cb938,1,22.8,3,4.2,2.25,1.8125,3.0625,3.875,3
638f9e7c0efdd9badb8b0353,2,54.7,5,30.6,3.8125,3.5,2.75,3.6875,2
5f16c677bc5f86028f33fc62,2,21.0,3,2.0,2.375,2.875,2.875,4.25,2
63d13dbf2d8a41f897c4d8fd,1,28.0,3,8.6,3.875,2.375,4.0625,4.3125,1
5563b68afdf99b672cca50d3,1,44.0,3,12.0,4.6875,2.0,4.5625,4.375,3
5f6be7056ec0431594b8b325,1,26.5,5,6.0,4.4375,4.0,4.25,4.375,2
62e2f07641ec065b97e4fcd3,1,47.5,3,28.6,4.0,2.6875,3.875,3.6875,2
60f838095603e27ca51820a7,1,65.1,4,42.0,3.0625,2.0625,3.5625,3.875,2
5fb2041681fe9376804e1249,2,40.5,4,18.5,4.25,4.125,2.4375,4.3125,2
5ee8f9a309471c0d46a6d247,2,34.8,4,11.0,3.625,3.375,3.5625,4.3125,3
615102c62504c240ac52cb00,2,30.1,4,12.1,4.3125,3.625,2.875,3.8125,3
60c12fe6ca8c4aa6d0185190,1,38.6,4,16.0,2.8125,2.625,3.375,2.9375,3
610508c09d61c098f072605b,2,25.1,3,1.1,3.4375,3.75,3.1875,4.125,1
60885d559ca52f07dd234260,1,50.4,4,35.0,3.6875,2.625,1.25,3.9375,2
611377497bdc630aedb0c1a7,2,22.0,3,1.0,2.6875,3.625,3.25,2.8125,2
62961bfdbe5f238d3225db72,2,42.0,3,15.6,4.5625,3.125,3.1875,4.625,1
5dbc46b70338051eb7999760,2,45.1,4,26.6,3.125,3.5625,3.25,4.3125,2
5c91658e319e1200014f6f9b,1,37.5,4,20.2,2.6875,2.1875,3.8125,3.625,2
636150c1c5a922d6451c675c,2,39.2,3,22.0,4.4375,3.8125,3.3125,4.125,2
5c25e498867f660001ae0ea6,2,42.0,3,27.0,3.875,2.375,4.125,4.875,1
59f78f90a764fc000135f6e6,2,37.5,5,15.1,4.5,2.375,4.0,4.5625,3
62acc0a0e293719010c1d3c7,1,22.5,4,4.5,3.25,2.9375,2.75,3.625,2
6122887748c825a688a6dd20,2,39.6,5,15.3,3.75,4.25,2.75,3.125,2
610ad21c0586bfb21376e859,2,31.0,3,10.9,4.0,2.9375,3.25,4.1875,3
5bbc18010cb04c00015025ce,2,34.7,3,16.0,4.0,3.5,3.5,4.3125,1
601387b4aa37e127b0544497,2,38.0,3,14.2,3.8125,3.875,2.75,4.5625,1
5ec03a5e431c380a2dd46bb5,1,22.0,3,7.0,3.4375,3.8125,3.0625,3.5625,3
5f6e7d8a97c74a3d7500120e,2,41.0,4,15.0,3.625,3.625,2.625,4.375,1
5ebd758a3d870d0725a23e07,3,25.1,3,2.0,3.4375,3.1875,2.75,4.1875,3
5f244e0d0d7f44018faa3938,2,35.0,3,19.2,3.625,2.75,2.75,3.875,3
6335e35d7a38530d68fd75ca,1,20.9,3,14.9,3.875,3.1875,4.25,4.5625,1
5fc2734dbe970b424ca019b4,2,33.2,4,6.5,3.5625,4.875,2.25,2.4375,3
607cb8d1644bc7d3d41dfbc6,2,39.5,5,20.9,3.8125,2.9375,3.1875,3.9375,3
6234790e93ccbf5fc88ad4fe,2,52.4,4,19.1,4.1875,2.75,3.25,4.8125,2
59894fbbda239a0001fb8e16,2,62.1,4,42.6,3.75,3.4375,3.5625,3.5,1
62728e9f272ecd43323af13b,1,42.8,2,25.0,3.75,3.9375,3.4375,4.125,1
628d114b1acd87ea1b37874e,1,29.0,3,9.0,3.75,3.375,3.75,4.4375,1
579a4c6a82f7f90001ee9d92,2,52.0,3,25.1,3.5625,3.4375,3.6875,3.9375,2
612d576fd75b6c46b4cefc6e,1,49.1,4,33.0,4.125,4.125,2.5625,4.6875,3
5ff0fd368422b404716fc35b,2,21.4,3,3.5,3.6875,3.6875,2.375,4.125,1
60ff2984c0a808c7d7cf8548,2,22.1,2,2.0,3.5,3.6875,3.4375,3.9375,1
62ddf6403a786fffd41fae6b,1,22.5,3,0.0,3.0625,3.5,2.3125,3.0,1
5ecaf0fa5c1f7f6599d959ff,1,48.3,2,33.0,3.6875,3.3125,3.125,3.8125,1
62a73647a057bfcf74a8d20a,1,27.7,5,9.8,3.875,2.5625,2.25,4.375,3
627e71af3701230cdc757652,2,52.9,3,33.3,3.5,2.1875,2.9375,3.5,2
611729ddf39841cce093b0ff,2,44.0,4,26.0,3.25,3.75,4.25,4.5625,1
6102c837758ab633b284bd56,2,21.3,3,5.0,3.4375,3.5,3.0625,3.4375,2
5694e7b5e0c800000b5a3841,1,49.1,2,36.1,4.75,1.9375,3.8125,4.375,2
614b3d6a4f76b8dfc939adf0,2,30.2,3,11.4,3.625,4.0,3.5625,3.75,1
61639cbb5ffec1a6b93b2334,2,44.0,4,20.0,4.25,3.375,3.875,4.875,3
63ba386fca1ef3cc33de26d2,1,51.0,2,33.4,4.375,3.9375,4.1875,4.875,2
5b1200ffd282ff00015c0154,1,35.0,3,16.0,4.9375,3.0625,3.25,3.0,2
628678ca852c5ee97a800552,2,37.2,4,21.3,4.0625,4.125,3.6875,4.75,3
5fa4c21a04bc5912180291bc,1,40.8,3,20.4,4.3125,3.6875,2.8125,3.8125,3
5d55d562e04e1c0001f5e682,2,32.0,4,10.2,4.0625,4.5625,4.5,4.1875,1
5a198755f2e3460001edc5c9,1,34.0,2,16.0,4.6875,3.5625,4.0625,4.0625,2
62e8db6f495d93a29697bfc5,1,44.1,3,20.2,4.875,3.1875,4.5,2.875,1
5ee232f2b970662cfa352567,1,34.5,4,10.0,3.1875,3.3125,3.375,4.0625,3
61005a9bfd2f14f18ef7ec7d,1,25.1,4,3.1,2.875,1.9375,3.4375,3.4375,3
5fb327660f80c1a4d39fada2,2,24.6,4,5.0,3.8125,3.5625,3.75,3.8125,2
6111457269336cf7c25383de,2,21.8,3,6.0,2.3125,3.75,2.6875,3.625,1
634392ff653d29e2770b3636,1,19.5,2,0.0,2.9375,3.4375,3.375,3.5,1
5d18ca519bd071001aaaa932,1,42.0,3,24.5,4.25,2.6875,3.8125,4.0625,3
5aea9a59852ddf0001ced15e,1,42.3,5,22.0,4.0625,3.104166667,3.625,2.9375,3
5c93325695153900102e948b,2,32.0,2,14.6,4.6875,2.6875,4.5625,4.6875,1
63a4dff814a50d09c319985c,1,61.5,2,50.1,4.3125,3.4375,3.0625,3.5625,2
5dcb685070d51c8275d7bd54,1,24.0,4,9.0,2.6875,3.3125,2.8125,3.9375,2
6388fe254da991e17e7535ed,2,56.0,3,5.0,4.8125,3.0,3.125,4.0,2
634265d4ff46e9c74d9fe152,1,25.8,4,1.6,2.6875,3.75,1.6875,3.375,1
630ae85d349d91251756e24f,1,23.0,4,0.3,3.125,3.5,2.8125,4.25,3
63bdb30d719f55d7b4d80c0c,2,59.0,2,40.9,4.125,2.875,3.375,3.75,1
5e753ccd65c9670a250a019b,2,19.0,2,3.6,3.5,2.875,3.75,3.9375,1
5b7332e8fd718d00013d0655,2,27.0,4,1.2,3.6875,3.5625,2.1875,3.4375,3
615b89f05c6789f6c121026f,2,34.4,4,16.1,2.9375,3.875,2.1875,3.375,2
5e9b6bff86b73f07497155e3,1,22.8,3,6.8,3.625,2.9375,3.8125,4.25,3
636578c6aa1228f8b15ee701,1,22.5,4,4.1,2.375,2.8125,3.25,3.0625,2
614e149fccc6a53ae06dfcd2,2,58.2,4,32.3,3.625,3.0625,3.5,4.25,3
60e9fd1a1cf5a614d25fb185,2,28.0,3,8.0,5.0,4.875,4.3125,4.8125,2
62732854d22b38dbdae3ef9c,1,46.0,4,27.7,3.75,2.25,4.1875,4.125,1
63616c4bc6ecb76a9f0a5f21,1,20.4,3,4.3,2.6875,3.25,3.1875,3.5,3
5d89a31c43734d0001b6a706,2,37.1,2,10.9,3.875,3.5,3.6875,3.75,1
60aee0858e96f753f593b729,2,26.0,3,6.0,4.375,3.9375,3.375,4.375,3
60fdf16ab2af77d34e4014b5,2,23.8,4,0.5,3.0625,3.9375,2.9375,4.625,2
5a92d74035237b0001123af1,2,26.0,4,4.7,3.875,3.75,3.0,3.0625,2
61bb392e40db417c1a138dcb,2,49.4,1,34.1,3.375,4.25,3.6875,3.75,2
614a2938ccbb6e48eb2dcbd1,1,42.0,4,21.0,4.375,2.9375,2.0625,4.5,3
5faead22421a230a0a7c2e8d,2,36.7,2,20.0,3.9375,2.625,2.5625,4.0625,1
628e0063fa56e316da2a71cb,1,47.8,2,30.0,4.75,3.0625,4.625,3.25,3
63bda65b774a91e291c5b1a8,1,31.5,2,10.5,3.25,3.625,3.125,3.75,2
62e9731465fb490879d942c7,2,22.0,4,3.6,3.0,3.25,3.1875,2.9375,1
5dd03c5486c8861300974102,1,41.0,3,20.6,3.75,3.6875,3.875,3.4375,3
5edceace34669404354ab615,2,47.0,2,29.0,4.375,3.1875,4.125,3.5,1
599e1bb6c6dab70001403c52,2,38.0,4,18.1,3.875,3.0625,3.5625,3.75,1
5d1ef341cde8e900013abcab,2,34.4,3,0.3,4.25,4.5625,2.625,3.5625,1
6298dd311a003b986813851b,1,40.0,5,22.0,2.625,2.9375,4.0,4.125,3
6144834d136ed7f27d2dbe60,3,49.2,5,25.5,3.3125,3.9375,2.625,3.625,3
5e32fc389d3f972ca2dca81c,2,29.9,6,10.5,3.875,2.1875,4.125,4.8125,3
60ff10899697dd7bdbdac10f,2,23.0,4,5.0,4.0625,3.9375,3.75,3.875,3
60a56378aa5f55ddac516adc,2,39.0,5,23.0,3.75,3.75,3.4375,3.625,3
60906c79f8cfd718d6dcb3df,1,34.0,3,6.5,4.6875,3.6875,3.625,4.6875,1
60fec84524bd8a640ec1bfb9,2,21.0,3,6.0,2.5625,3.1875,2.0625,3.6875,1
628f83dc5398c04bac86f9e6,1,37.0,5,15.0,3.875,3.8125,2.0,3.625,1
60b3e6ad448226548d21fc4d,2,52.4,4,24.5,3.6875,4.125,2.375,3.9375,3
55b1add5fdf99b6731f04c5a,2,43.0,4,23.0,3.0,3.5625,1.5625,4.125,3
5a8d1e105292b800012342c9,2,46.0,4,20.6,5.0,4.5625,3.8125,4.9375,3
60210277bcd2e700088f531c,1,25.2,3,3.0,3.0625,3.5,3.0,3.125,3
63a0f27fca07899904e593f1,2,58.9,3,30.0,3.1875,3.375,4.125,4.4375,2
5c2dea19d396500001e2b39d,2,29.0,1,5.7,4.375,4.875,2.5625,3.4375,2
633dc3726ff6f987b3e268d6,1,38.0,3,20.6,3.9375,3.0625,4.0625,4.75,1
6103109323a58bbf26662ce0,3,20.5,2,6.0,3.5,4.125,2.875,3.6875,2
5e5731e3e1e8b90e25c1f3a2,1,41.1,4,21.1,3.625,2.4375,3.875,3.8125,1
611b1d3794ac948af7e57e7a,1,20.7,3,1.0,3.0625,4.125,3.1875,3.5,3
55ca5305fdf99b498b73f29c,1,26.0,6,9.5,2.0,1.75,1.5625,4.5625,1
58f0fca0d40252000192f201,1,41.7,5,16.1,3.4375,2.875,3.375,3.0,3
5b9c1a42c57b4b0001eedc61,2,55.1,4,25.2,2.875,3.5,3.5625,3.0625,2
61363ce02e6022a741d63a6e,1,26.3,4,4.2,2.375,3.125,3.3125,3.25,2
6153c8a5e9fa7e4a77a4baee,3,31.2,7,11.9,4.0,3.4375,3.125,3.5,1
63d3fadce8d1c8d393740c2b,1,31.0,4,15.0,4.625,2.875,4.5,4.1875,3
5ecd4acdb218ec085c6eefe6,1,34.4,4,16.6,3.4375,2.5625,3.3125,4.4375,1
56e6a66af6ed900006a5867c,1,42.9,2,21.4,3.375,4.3125,3.8125,4.0,2
5a08c9a7f2e3460001edb063,2,26.0,4,1.0,3.875,4.375,3.8125,2.75,2
60dfa0f80964725cfdab1685,1,61.0,3,42.0,4.1875,2.625,3.0625,4.5,1
6157d22b9998f96a77f41567,2,53.8,5,30.0,3.0625,4.1875,2.1875,3.875,2
6110c3238a3b6a949ee6cf97,2,21.0,4,2.0,3.875,3.5625,3.25,3.125,2
631f626c1a2be3cc3d2069d8,2,34.4,3,20.1,3.0625,4.0625,3.1875,3.875,1
55b2d3f2fdf99b525bc839aa,1,35.0,4,11.4,3.6875,2.875,3.8125,3.5,1
62962c18b210880e85c1fc8e,1,29.0,3,10.0,2.875,2.5,2.125,4.0625,1
6117217f6c1964b5c4b49493,1,29.0,4,8.0,3.5,1.875,4.0,4.3125,1
63bc68d9350ec3b6a40d7898,1,22.0,4,1.0,2.375,3.25,2.6875,3.0625,2
62dd9f33ad57b611f57ac39c,1,48.7,5,32.0,3.875,2.1875,3.0625,4.5625,2
63c2daa1ff7f190542432da9,1,52.0,6,25.6,3.5,3.75,3.375,3.5,2
5e9310d77d6dc1000baa5ee7,2,27.0,3,9.2,1.75,3.25,2.6875,1.875,1
6109649dbb35090e6179a6c8,2,25.1,7,6.0,4.0,4.625,2.25,4.0,1
614eb0a92921d8c1e64f4873,2,52.7,3,30.0,3.9375,3.5625,2.3125,3.625,3
60fcde9a850ce7f67fd9ee5a,2,27.0,4,8.5,3.8125,4.0,2.6875,3.4375,2
63a0f184022026c96b61af63,1,57.5,5,40.0,3.9375,2.0625,2.25,3.9375,3
61128c2c056a6993a3868078,1,37.0,2,18.6,3.375,3.25,2.75,4.375,1
5e74e1df5ae15103a51a1ee8,1,34.2,3,16.6,3.5625,3.75,3.4375,3.1875,2
5484821efdf99b07b28f2300,2,38.0,4,19.4,3.125,4.1875,2.875,3.5,3
5cc489df3e74d80001198974,2,23.6,1,0.2,4.5625,3.375,4.125,4.5625,3
63665e477cdd7caf4dee2b48,2,30.5,4,14.2,4.625,3.4375,3.625,4.625,1
6314453e0a22cc4e1e66ca08,1,36.0,4,20.8,4.3125,2.25,4.125,3.6875,2
609f228c91118f1242805f43,2,53.0,3,37.0,3.375,3.5,2.75,3.75,3
6145a88c94a2c86532d36b0f,1,24.0,2,6.4,3.375,3.25,3.4375,3.625,2
63471914225d90278f470759,1,59.0,3,29.9,3.3125,3.1875,3.5625,3.8125,1
5ca73ac06fa13f00189cbe17,1,58.3,5,29.8,4.0625,3.9375,3.5625,3.5,3
60a6c78720fb46c16a21ab1e,2,27.0,4,6.1,3.75,3.375,3.125,2.875,3
610fb9afc435c9e8b5713f67,3,23.6,3,4.0,3.9375,4.125,3.75,3.75,3
5c1a7844681a0600018e4d8d,2,37.1,2,21.1,3.1875,3.0,3.0,3.875,1
62bb090302d4f0b567668d06,1,44.3,5,20.3,3.5,2.6875,2.8125,2.6875,3
5eeab676ab85911df1cbee3c,2,26.0,5,1.0,2.5,3.5,4.0,4.125,2
628f77c4d003ee884a5573fd,2,55.0,4,39.5,3.9375,3.375,3.375,3.5,3
6109adc9ecd0420ded4d9b2b,2,24.6,4,0.0,4.5625,3.25,4.125,4.3125,2
6152be1021c9ab590015a3e3,2,32.0,3,15.4,4.3125,3.75,4.3125,4.3125,2
60f31196cf392939a843ab34,3,27.0,4,1.0,3.125,3.4375,3.8125,3.375,1
5d0825b656645b00189807f1,2,32.0,2,9.0,3.625,2.5,3.125,4.1875,1
5ea9bfd30a9b190f0c87c693,2,37.1,4,10.6,3.0625,4.25,2.875,4.5625,3
6330f30b973410dadd20eb64,2,40.0,3,16.1,4.1875,3.3125,2.625,3.4375,3
5dd2f7403c4937312433cc11,1,33.2,3,9.8,2.75,2.625,2.9375,3.5,1
6102c2bafd71006cf4fcbd67,2,27.0,4,10.1,2.75,4.4375,2.6875,2.6875,1
63856591249f1fb799eb5e0e,2,48.9,4,26.7,4.125,2.5625,3.8125,3.8125,2
604977029140cd048133a1cb,1,26.0,4,3.5,4.3125,3.0,3.75,3.375,1
5cc99b0973d6e70001c2fc87,2,31.1,3,10.4,3.0625,3.25,2.8125,3.4375,1
636149c88d2d393decf957f7,1,36.9,2,19.7,4.125,2.5,3.625,4.25,2
6266e4d8c69d3dda3373f092,2,50.7,4,38.9,4.125,2.3125,4.125,4.6875,1
5a8352feae9a0b0001a9da8f,2,58.0,4,30.4,4.125,3.5,3.5,3.625,1
6318ed962c89e72710559631,1,31.9,4,8.8,3.5,2.4375,2.875,3.8125,3
5f70e511e024d06de2bd393c,2,49.9,3,36.0,3.375,3.25,3.75,3.5,1
62b347618b52904682bf1ca7,3,19.8,3,3.0,3.75,4.25,2.9375,3.5625,3
63a92e2605e59f352e566b83,2,49.0,3,30.4,4.625,2.875,2.875,3.25,1
6010d8a55ccbc64789fcbd03,3,33.3,4,17.4,3.75,3.25,3.8125,3.8125,2
6104b1c50f6057c1d8a6e3a6,2,27.0,5,6.8,4.25,3.5625,3.625,3.5625,2
6387f4bcdf5c22093c240bf6,2,55.2,4,25.0,4.0625,3.625,3.3125,3.625,1
63852fbf95d78ba25b99005e,2,55.0,4,34.3,4.25,3.3125,3.0625,4.5,3
63615e6f289af113029ab58b,1,35.4,5,13.8,2.75,3.0,3.0,4.0625,1
62cbf51439a76e8fccd8a495,2,58.3,3,31.0,3.9375,3.604166667,3.5625,4.375,1
5eec8774ff59de0009913a65,2,65.0,4,30.0,5.0,2.625,3.125,4.5,2
5aa3609e6475f90001a04905,1,26.3,4,8.1,3.3125,3.4375,4.3125,3.625,2
5e74ff093115e00576f0187c,1,34.2,3,14.6,3.6875,2.4375,4.0,4.3125,3
60abdc82ec2d1e548b986424,1,60.2,5,40.0,3.8125,2.875,3.4375,4.1875,2
62c0e760fe5cc4964a774900,1,45.6,3,30.2,3.9375,3.4375,2.375,2.9375,1
5adef850eb60400001539109,1,25.0,3,1.1,2.6875,2.5625,3.25,4.0,3
6390a0e1aa5654301da0c865,2,55.0,2,39.8,3.75,3.5,3.6875,4.0625,1
571f8b7d936f5f0009c6d7c9,2,59.6,3,40.0,4.125,3.3125,3.75,4.4375,1
602bff07a6fada440d3c4f6b,1,50.0,3,29.9,3.375,2.5625,3.1875,3.625,1
5d6807f9778de5001a120d9a,1,38.1,4,19.0,2.4375,4.375,4.0,4.5625,2
58a1fe40ea3d11000170d9b9,2,30.7,3,5.3,3.5,4.4375,3.0625,4.75,1
60d2d061fd054556769ca306,1,19.9,3,0.0,3.0,2.8125,3.0625,3.4375,1
60ff4b84b52195c0b11131dd,2,30.1,5,7.1,3.125,3.0,3.75,4.5,2
5fbd371dc57ae80a38ba00c2,1,33.2,4,10.0,3.5625,2.6875,4.0,4.625,2
5a95fee189de8200013eddd4,2,40.0,3,20.0,4.6875,3.5625,4.0,4.3125,2
629a6460a0232815dab01a01,2,31.0,4,6.7,3.625,3.75,3.25,3.5,3
5db5dacdb2d499000a8f4439,4,31.9,5,12.9,2.9375,2.6875,3.5625,3.3125,2
5dcf4136cf8e7e086ea019e4,2,55.0,4,30.5,3.4375,3.25,1.625,2.9375,3
